Symbol,Name,"Wtd Alpha",Last,Change,%Chg,"52W High","52W Low","52W %Chg",Time
A,"Agilent Technologies",-10.60,129.01,-2.08,-1.59%,159.59,96.8,-17.79%,"10:08 ET"
AAL,"American Airlines Gp",-10.00,14.3,-0.049999999999999,-0.35%,19.08,10.86,-5.80%,"10:09 ET"
AAPL,"Apple Inc",+28.70,183.86,-2.33,-1.25%,199.62,131.44,+38.56%,"10:09 ET"
ABBV,"Abbvie Inc",+13.30,164.79,-0.099999999999994,-0.06%,166.2,130.96,+4.78%,"10:09 ET"
ABNB,"Airbnb Inc Cl A",+34.90,138.42,-1.34,-0.96%,154.95,94.02,+48.02%,"10:09 ET"
ABT,"Abbott Laboratories",+6.60,113.24,-1.16,-1.01%,115.83,89.67,+0.32%,"10:08 ET"
ACGL,"Arch Capital Grp Ltd",+15.90,76.92,-0.039999999999992,-0.05%,90.65,60.7,+22.31%,"10:09 ET"
ACN,"Accenture Plc",+25.00,344.16,-1.17,-0.34%,355.38,242.8,+22.75%,"10:09 ET"
ADBE,"Adobe Systems Inc",+68.40,590.6,-0.42999999999995,-0.07%,633.89,318.6,+73.00%,"10:09 ET"
ADI,"Analog Devices",+10.10,186.58,-1.79,-0.95%,202.77,154.99,+11.04%,"10:09 ET"
ADM,"Archer Daniels Midland",-21.20,69.51,0.18000000000001,+0.26%,89.32,69.09,-19.84%,"10:08 ET"
ADP,"Automatic Data Procs",-1.70,234.72,-0.56999999999999,-0.24%,256.84,201.46,-4.11%,"10:09 ET"
ADSK,"Autodesk Inc",+23.60,238.13,-0.69,-0.29%,245.88,188.38,+19.86%,"10:08 ET"
AEE,"Ameren Corp",-19.50,72.17,-1.61,-2.18%,91.18,69.71,-19.74%,"10:09 ET"
AEP,"American Electric Power Company",-11.10,80.89,-1.65,-2.00%,97.84,69.38,-16.91%,"10:09 ET"
AES,"The Aes Corp",-27.80,17.98,-0.9,-4.77%,28.18,11.43,-33.93%,"10:09 ET"
AFL,"Aflac Inc",+17.70,82.28,-0.36,-0.44%,84.64,60.2,+14.42%,"10:09 ET"
AIG,"American International Group",+12.90,67.25,-0.34,-0.50%,69.76,45.66,+5.91%,"10:09 ET"
AIZ,"Assurant Inc",+31.30,162.76,-0.54000000000002,-0.33%,173.6,104.49,+28.42%,"10:09 ET"
AJG,"Arthur J. Gallagher & Company",+15.70,230.6,0.44999999999999,+0.20%,254,174.45,+17.34%,"10:09 ET"
AKAM,"Akamai Technologies",+37.30,115.62,-0.45999999999999,-0.40%,120.61,70.65,+30.95%,"10:09 ET"
ALB,"Albemarle Corp",-47.60,129.06,-3.88,-2.92%,293.01,112,-44.74%,"10:09 ET"
ALGN,"Align Technology",+18.50,275.72,-1.07,-0.39%,413.2,176.34,+19.17%,"10:09 ET"
ALL,"Allstate Corp",+22.60,149.32,-0.99000000000001,-0.66%,152,100.57,+7.99%,"10:09 ET"
ALLE,"Allegion Plc",+12.10,120.65,-1.45,-1.19%,128.43,95.94,+6.34%,"10:09 ET"
AMAT,"Applied Materials",+34.30,150.02,0.21000000000001,+0.14%,165.01,106.09,+37.62%,"10:09 ET"
AMCR,"Amcor Plc",-15.40,9.69,-0.07,-0.72%,12.31,8.45,-20.20%,"10:09 ET"
AMD,"Adv Micro Devices",+111.20,145.7,-2.84,-1.91%,151.05,67.18,+114.13%,"10:09 ET"
AME,"Ametek Inc",+15.30,163.79,0.10999999999999,+0.07%,165.52,131.52,+12.65%,"10:08 ET"
AMGN,"Amgen Inc",+22.20,301.41,-3.16,-1.04%,311.05,211.71,+10.81%,"10:09 ET"
AMP,"Ameriprise Financial Services",+19.00,374.73,-3.26,-0.86%,386.33,275.09,+14.12%,"10:08 ET"
AMT,"American Tower Corp",-2.60,206.6,-2.37,-1.13%,235.57,154.58,-9.27%,"10:09 ET"
AMZN,"Amazon.com Inc",+60.50,154.57,0.84,+0.55%,157.16,88.12,+63.02%,"10:09 ET"
ANET,"Arista Networks Inc",+116.60,248.07,-1.16,-0.47%,251.51,107.57,+114.90%,"10:09 ET"
ANSS,"Ansys Inc",+35.70,351.5,-3.36,-0.95%,364.31,248,+39.83%,"10:08 ET"
AON,"AON Plc",-8.80,296.87,-2.43,-0.81%,347.37,280.89,-4.61%,"10:09 ET"
AOS,"Smith A.O. Corp",+31.50,80.15,-0.33,-0.41%,82.77,57.45,+28.59%,"10:09 ET"
APA,"Apa Corp",-27.40,32.46,-0.11,-0.34%,46.98,30.67,-25.33%,"10:09 ET"
APD,"Air Products and Chemicals",-14.30,263.85,-3.11,-1.16%,320.9,251.63,-15.35%,"10:09 ET"
APH,"Amphenol Corp",+24.20,95.6,-0.61,-0.63%,99.93,72,+19.04%,"10:09 ET"
APTV,"Aptiv Plc",-22.30,82.25,-0.67,-0.81%,124.88,71.01,-16.66%,"10:09 ET"
ARE,"Alexandria Real Estate Equities",-7.90,126.33,-2.8,-2.17%,172.65,90.73,-17.18%,"10:09 ET"
ATO,"Atmos Energy Corp",+3.30,116.36,-1.68,-1.42%,125.28,101,+0.44%,"10:09 ET"
AVB,"Avalonbay Communities",+7.80,182.42,-1.29,-0.70%,198.65,153.07,+7.38%,"10:08 ET"
AVGO,"Broadcom Ltd",+88.80,1076.02,-4.55,-0.42%,1151.82,559.11,+88.05%,"10:09 ET"
AVY,"Avery Dennison Corp",+5.50,194.7,-1.38,-0.70%,203.7,158.93,+1.48%,"10:07 ET"
AWK,"American Water Works",-13.60,132.13,-1.49,-1.12%,162.59,114.25,-17.47%,"10:09 ET"
AXON,"Axon Enterprise Inc",+37.60,248.02,-1,-0.40%,260.69,168.3,+38.03%,"10:08 ET"
AXP,"American Express Company",+21.60,182.33,-2.64,-1.43%,189.51,140.91,+19.26%,"10:09 ET"
AZO,Autozone,+5.10,2535.93,-1.23,-0.05%,2750,2277.88,+3.94%,"10:09 ET"
BA,"Boeing Company",+7.50,224.04,-3.8,-1.67%,267.54,176.25,+8.18%,"10:09 ET"
BAC,"Bank of America Corp",+3.50,32.88,-0.72,-2.14%,37,24.96,-3.49%,"10:09 ET"
BALL,"Ball Corporation",+3.40,56.5,-0.8,-1.40%,62.14,42.81,+0.20%,"10:08 ET"
BAX,"Baxter International Inc",-6.90,40.17,-0.12,-0.30%,50.21,31.01,-11.40%,"10:09 ET"
BBWI,"Bath & Body Works Inc",+6.60,43.14,-0.99,-2.24%,49.55,27.3,-6.38%,"10:09 ET"
BBY,"Best Buy Company",-8.60,74.15,-1.62,-2.14%,93.32,62.3,-12.79%,"10:09 ET"
BDX,"Becton Dickinson and Company",-10.60,236.91,-1.5,-0.63%,287.32,228.62,-7.84%,"10:09 ET"
BEN,"Franklin Resources",+3.20,28.46,-0.62,-2.13%,34.37,21.88,-2.17%,"10:09 ET"
BF.B,"Brown Forman Inc Cl B",-20.20,54.52,-1.07,-1.92%,71.27,52.59,-16.95%,"10:09 ET"
BG,"Bunge Ltd",-8.60,94.6,-0.31,-0.33%,116.59,87.86,-3.61%,"10:08 ET"
BIIB,"Biogen Inc",-15.60,246.76,-7.47,-2.94%,319.76,220.86,-12.70%,"10:07 ET"
BIO,"Bio-Rad Laboratories",-30.20,318.31,-2.45,-0.76%,509.62,261.59,-30.48%,"10:09 ET"
BK,"Bank of New York Mellon Corp",+15.80,52.27,-0.45999999999999,-0.87%,53.18,39.65,+8.72%,"10:09 ET"
BKNG,"Booking Holdings Inc",+54.00,3492.01,-29.14,-0.83%,3580.62,2214.65,+57.73%,"10:06 ET"
BKR,"Baker Hughes Company",-3.10,31.17,-0.059999999999999,-0.19%,37.58,26.12,+1.54%,"10:09 ET"
BLDR,"Builders Firstsource",+124.70,164.07,-3.23,-1.93%,171.03,67.6,+142.45%,"10:09 ET"
BLK,"Blackrock Inc",+13.90,787.56,-4.8000000000001,-0.61%,819,596.18,+5.17%,"10:09 ET"
BMY,"Bristol-Myers Squibb Company",-31.30,50.26,-0.4,-0.79%,75.18,48.25,-29.94%,"10:09 ET"
BR,"Broadridge Financial Solutions Llc",+43.10,201.41,-0.56,-0.28%,207.29,133.97,+40.42%,"10:09 ET"
BRK.B,"Berkshire Hathaway Cl B",+16.30,364.96,-2.96,-0.80%,373.34,292.42,+14.12%,"10:09 ET"
BRO,"Brown & Brown",+18.90,72.59,-0.34999999999999,-0.48%,76.25,52.82,+17.74%,"10:09 ET"
BSX,"Boston Scientific Corp",+30.80,59.61,0.1,+0.17%,59.94,44.79,+30.46%,"10:09 ET"
BWA,"Borgwarner Inc",-28.00,33.59,-0.3,-0.89%,51.14,31.63,-22.22%,"10:09 ET"
BX,"Blackstone Inc",+45.20,119.11,-2.42,-1.99%,133.53,76.19,+44.41%,"10:09 ET"
BXP,"Boston Properties",+12.70,70.58,-1.49,-2.07%,79.42,46.18,+1.41%,"10:09 ET"
C,"Citigroup Inc",+11.00,51.28,-1.74,-3.28%,54.75,38.17,+5.91%,"10:09 ET"
CAG,"Conagra Brands Inc",-24.70,28.96,-0.27,-0.92%,40.65,25.16,-28.34%,"10:09 ET"
CAH,"Cardinal Health",+37.90,105.08,0.89,+0.85%,108.85,68.53,+37.18%,"10:09 ET"
CARR,"Carrier Global Corp",+26.70,56.28,-0.76,-1.33%,60.04,40.28,+25.87%,"10:09 ET"
CAT,"Caterpillar Inc",+22.60,290.29,-3.06,-1.04%,299.2,204.04,+17.46%,"10:09 ET"
CB,"Chubb Ltd",+5.80,225.81,0.56,+0.25%,231.37,183.4,+0.34%,"10:09 ET"
CBOE,"CBOE Global Markets Inc",+42.80,176.33,0.72,+0.41%,183.74,116.11,+42.72%,"10:09 ET"
CBRE,"CBRE Group Inc",+4.90,84.43,-2.22,-2.56%,94.27,64.63,+0.38%,"10:09 ET"
CCI,"Crown Castle Inc",-17.60,112.04,-1.37,-1.21%,153.98,84.72,-25.82%,"10:07 ET"
CCL,"Carnival Corp",+68.50,17.26,-0.52,-2.92%,19.74,8.37,+77.08%,"10:09 ET"
CDAY,"Ceridian Hcm Holding Inc",-5.30,64.38,-0.96000000000001,-1.47%,79.66,55.62,-1.19%,"10:08 ET"
CDNS,"Cadence Design Sys",+50.10,264.78,1.52,+0.58%,279.33,164.85,+57.39%,"10:09 ET"
CDW,"CDW Corp",+17.60,219.44,-0.83000000000001,-0.38%,229.42,160.66,+15.51%,"10:09 ET"
CE,"Celanese Corp",+32.60,146.58,-2.41,-1.62%,159.06,97.12,+24.09%,"10:09 ET"
CEG,"Constellation Energy Corp",+34.60,111.84,-4.01,-3.46%,127.24,71.16,+33.99%,"10:09 ET"
CF,"Cf Industries Holdings",-6.20,78.43,0.35000000000001,+0.45%,91.23,60.08,-6.41%,"10:09 ET"
CFG,"Citizens Financial Group Inc/Ri",-8.20,32.45,-0.91999999999999,-2.76%,44.82,22.77,-21.08%,"10:09 ET"
CHD,"Church & Dwight Company",+15.60,97.13,0.64999999999999,+0.67%,100.52,78.63,+18.14%,"10:09 ET"
CHRW,"C.H. Robinson Ww",-7.50,86.57,-0.62,-0.71%,108.05,78.69,-8.56%,"10:07 ET"
CHTR,"Charter Communications Inc",-7.30,364.74,-2.26,-0.62%,458.3,315.02,-3.24%,"10:09 ET"
CI,"The Cigna Group",+3.70,306.61,-1.11,-0.36%,319.92,240.5,-0.81%,"10:09 ET"
CINF,"Cincinnati Financial",+1.40,107.73,0.31,+0.29%,130.66,95.01,-1.94%,"10:08 ET"
CL,"Colgate-Palmolive Company",+6.60,80.38,-0.17,-0.21%,82.09,67.62,+4.01%,"10:09 ET"
CLX,"Clorox Company",-5.80,140.99,-0.38,-0.27%,178.21,114.68,-0.75%,"10:09 ET"
CMA,"Comerica Inc",+2.20,54.15,-1.4,-2.52%,77.34,28.4,-19.53%,"10:09 ET"
CMCSA,"Comcast Corp A",+10.10,43.15,-0.33,-0.76%,47.46,34.63,+13.85%,"10:09 ET"
CME,"CME Group Inc",+7.90,196.17,-1.66,-0.84%,223.8,171.93,+11.90%,"10:09 ET"
CMG,"Chipotle Mexican Grill",+46.30,2233.86,-11.14,-0.50%,2348.42,1470.05,+52.14%,"10:08 ET"
CMI,"Cummins Inc",-1.10,237.08,-2.14,-0.89%,265.28,203.18,-4.29%,"10:08 ET"
CMS,"Cms Energy Corp",-4.90,58.28,-1.22,-2.05%,65.56,49.87,-10.15%,"10:09 ET"
CNC,"Centene Corp",+10.30,78.46,0.049999999999997,+0.06%,79.07,60.83,-0.09%,"10:09 ET"
CNP,"Centerpoint Energy Inc",-4.20,28.7,-0.55,-1.88%,31.47,25.42,-7.09%,"10:09 ET"
COF,"Capital One Financial Corp",+32.40,126.87,-2.07,-1.61%,134.26,83.93,+25.26%,"10:09 ET"
COO,"Cooper Companies",+12.30,383.33,-1.54,-0.40%,399.62,303.74,+9.54%,"10:05 ET"
COP,Conocophillips,-5.40,111.04,-0.14,-0.13%,127.35,91.53,-5.75%,"10:09 ET"
COR,"Cencora Inc",+37.70,217.86,1.73,+0.80%,217.82,147.48,+31.63%,"10:09 ET"
COST,"Costco Wholesale",+43.87,669.7,-3.0599999999999,-0.45%,681.91,465.33,+38.47%,"10:09 ET"
CPB,"Campbell Soup Company",-17.35,43.69,-0.030000000000001,-0.07%,56.04,37.94,-21.45%,"10:09 ET"
CPRT,"Copart Inc",+44.21,47.74,-0.19,-0.40%,51.53,30.51,+53.77%,"10:09 ET"
CPT,"Camden Property Trust",-14.74,98.23,-0.3,-0.30%,127.6,82.81,-16.97%,"10:09 ET"
CRL,"Charles River Laboratories Intl",-4.23,211.33,-1.81,-0.85%,262,161.65,-14.06%,"10:07 ET"
CRM,"Salesforce Inc",+74.94,265.55,1.42,+0.54%,269.79,143.16,+83.84%,"10:09 ET"
CSCO,"Cisco Systems Inc",+1.37,50.38,0.14,+0.28%,58.19,45.56,+2.46%,"10:09 ET"
CSGP,"Costar Group Inc",+2.50,81.2,-1.51,-1.83%,92.36,65.12,+1.24%,"10:08 ET"
CSX,"CSX Corp",+11.00,34.39,-0.31,-0.89%,35.09,27.6,+6.43%,"10:09 ET"
CTAS,"Cintas Corp",+34.97,588.24,1.22,+0.21%,607.79,423.06,+29.35%,"10:07 ET"
CTLT,"Catalent Inc",+29.22,49.71,-0.65,-1.29%,74.49,31.45,+0.84%,"10:09 ET"
CTRA,"Coterra Energy Inc",-1.23,25.21,-0.16,-0.63%,29.89,22.25,+2.61%,"10:09 ET"
CTSH,"Cognizant Tech Sol",+18.57,73.64,0.29000000000001,+0.40%,76.85,56.45,+20.29%,"10:09 ET"
CTVA,"Corteva Inc",-26.44,46.15,0.1,+0.22%,65.21,43.22,-25.25%,"10:09 ET"
CVS,"CVS Corp",-3.58,78.86,-0.38,-0.48%,90.62,64.41,-12.01%,"10:09 ET"
CVX,"Chevron Corp",-18.06,144.87,0.37,+0.26%,187.81,140.72,-17.14%,"10:09 ET"
CZR,"Caesars Entertainment Inc",-8.97,44.29,-1.07,-2.36%,60.27,38.33,-2.25%,"10:09 ET"
D,"Dominion Energy Inc",-20.86,47.02,-0.91,-1.90%,63.68,39.18,-23.92%,"10:09 ET"
DAL,"Delta Air Lines Inc",+13.12,41.62,-0.49,-1.16%,49.81,30.6,+9.76%,"10:09 ET"
DD,"Dupont Denemours Inc",+3.93,75.48,-0.7,-0.92%,78.74,62.8,+1.28%,"10:09 ET"
DE,"Deere & Company",-6.65,393.59,-0.12,-0.03%,450,345.55,-8.86%,"10:09 ET"
DFS,"Discover Financial Services",+8.87,109.26,-1.77,-1.59%,122.5,79.04,+2.69%,"10:09 ET"
DG,"Dollar General Corp",-39.11,133,-1.06,-0.79%,239.71,101.09,-43.60%,"10:08 ET"
DGX,"Quest Diagnostics Inc",-4.47,136.28,-0.81999999999999,-0.60%,153.82,119.59,-10.52%,"10:09 ET"
DHI,"D.R. Horton",+71.76,153.85,-0.67000000000002,-0.43%,156.77,89.05,+62.20%,"10:09 ET"
DHR,"Danaher Corp",-0.90,228.13,-1.51,-0.66%,247.62,182.09,-5.73%,"10:09 ET"
DIS,"Walt Disney Company",-8.33,89.03,-0.26000000000001,-0.29%,118.18,78.73,-7.36%,"10:09 ET"
DLR,"Digital Realty Trust",+31.93,135.3,-1.23,-0.90%,139.35,86.33,+29.27%,"10:09 ET"
DLTR,"Dollar Tree Inc",-2.95,135.89,-1.73,-1.26%,161.1,102.77,-7.45%,"10:09 ET"
DOV,"Dover Corp",+3.18,146.89,-0.28,-0.19%,160.66,127.25,+3.65%,"10:09 ET"
DOW,"Dow Inc",-6.66,52.78,-0.6,-1.12%,60.88,47.26,-7.68%,"10:09 ET"
DPZ,"Domino's Pizza Inc",+27.05,410.26,-3.87,-0.93%,415.81,285.84,+17.68%,"10:08 ET"
DRI,"Darden Restaurants",+5.98,157.77,-3.27,-2.03%,173.06,133.36,+5.97%,"10:07 ET"
DTE,"Dte Energy Company",-3.50,108.98,-1.85,-1.67%,121.25,90.14,-9.09%,"10:09 ET"
DUK,"Duke Energy Corp",-0.44,98.1,-1.18,-1.19%,106.13,83.06,-6.66%,"10:09 ET"
DVA,"Davita Healthcare Partners Inc",+39.02,108.58,-1.06,-0.97%,116.97,71.51,+37.15%,"10:09 ET"
DVN,"Devon Energy Corp",-28.68,43.49,-0.45,-1.02%,66.96,42.59,-30.34%,"10:09 ET"
DXCM,"Dexcom Inc",+23.50,127.66,-0.34,-0.27%,139.55,74.75,+20.74%,"10:08 ET"
EA,"Electronic Arts Inc",+13.12,137.21,-0.41999999999999,-0.31%,143.47,108.53,+9.12%,"10:09 ET"
EBAY,"Ebay Inc",-8.61,41.75,-0.81,-1.90%,52.23,37.17,-9.72%,"10:09 ET"
ECL,"Ecolab Inc",+28.25,197.48,0.090000000000003,+0.05%,201.62,143.91,+27.76%,"10:08 ET"
ED,"Consolidated Edison Company",-1.32,92.6,-1.72,-1.82%,100.92,80.46,-5.44%,"10:09 ET"
EFX,"Equifax Inc",+20.14,240.79,-4.04,-1.65%,252.6,159.95,+13.52%,"10:08 ET"
EG,"Everest Re Group",+3.60,371.32,0.81999999999999,+0.22%,417.92,331.08,+4.94%,"10:08 ET"
EIX,"Edison International",+7.02,71.32,-1.01,-1.40%,74.92,58.82,+3.36%,"10:09 ET"
EL,"Estee Lauder Companies",-47.69,134.16,-1.51,-1.11%,283.62,102.22,-48.93%,"10:09 ET"
ELV,"Elevance Health Inc",+1.51,478.45,-1.79,-0.37%,508.78,412,-0.73%,"10:09 ET"
EMN,"Eastman Chemical Company",+0.48,86.54,-1.21,-1.38%,92.21,68.89,-4.91%,"10:09 ET"
EMR,"Emerson Electric Company",+0.54,93.95,-0.81999999999999,-0.87%,100.62,76.94,-4.04%,"10:09 ET"
ENPH,"Enphase Energy Inc",-46.35,111.63,-5.91,-5.03%,260.98,73.49,-52.05%,"10:09 ET"
EOG,"Eog Resources",-11.04,114.57,-0.42,-0.37%,137.95,98.52,-9.22%,"10:09 ET"
EPAM,"Epam Systems Inc",-1.26,297.06,-2.58,-0.86%,385.96,197.99,-11.62%,"10:07 ET"
EQIX,"Equinix Inc",+12.51,801.32,-3.0699999999999,-0.38%,824.86,661.66,+12.30%,"10:06 ET"
EQR,"Equity Residential",+0.99,61.39,-0.32,-0.52%,69.45,52.57,+0.03%,"10:08 ET"
EQT,"Eqt Corp",+2.79,37.05,-0.66,-1.75%,45.23,28.1,+11.38%,"10:09 ET"
ES,"Eversource Energy",-30.77,57.07,-1.29,-2.21%,86.23,52.03,-33.05%,"10:09 ET"
ESS,"Essex Property Trust",+16.37,246.74,-1.14,-0.46%,252.85,195.03,+11.24%,"10:08 ET"
ETN,"Eaton Corp",+47.52,239.91,-0.97999999999999,-0.41%,242.41,150.86,+46.49%,"10:07 ET"
ETR,"Entergy Corp",-0.12,102.6,-1.94,-1.86%,111.9,87.1,-5.04%,"10:09 ET"
ETSY,"Etsy Inc",-41.12,72,-2.72,-3.64%,149.91,58.2,-45.87%,"10:09 ET"
EVRG,"Evergy Inc",-12.21,53.33,-0.75,-1.39%,64.66,46.92,-16.30%,"10:09 ET"
EW,"Edwards Lifesciences Corp",-3.75,75.41,-0.71000000000001,-0.93%,94.87,60.57,-2.21%,"10:09 ET"
EXC,"Exelon Corp",-17.19,36.12,-0.52,-1.42%,44.1,34.05,-17.56%,"10:09 ET"
EXPD,"Expeditors Intl",+14.63,124.2,-0.88,-0.70%,129.18,102.89,+12.47%,"10:08 ET"
EXPE,"Expedia Group Inc",+56.60,150.83,-1.02,-0.67%,155.84,87.94,+53.22%,"10:09 ET"
EXR,"Extra Space Storage Inc",+8.50,151.96,-4.88,-3.11%,170.3,101.19,+0.69%,"10:09 ET"
F,"Ford Motor Company",-8.26,11.61,-0.22,-1.86%,15.42,9.63,-11.54%,"10:09 ET"
FANG,"Diamondback Energy",+5.59,150.49,-0.87,-0.57%,171.4,119.01,+6.21%,"10:09 ET"
FAST,"Fastenal Company",+27.84,62.69,-0.39,-0.62%,65.66,45.7,+28.23%,"10:09 ET"
FCX,"Freeport-Mcmoran Inc",-2.22,40.98,-0.32,-0.77%,46.73,32.83,-9.17%,"10:09 ET"
FDS,"Factset Research Systems Inc",+12.15,461.65,-1.12,-0.24%,478.6,377.89,+11.83%,"10:05 ET"
FDX,"Fedex Corp",+23.97,249.34,-1.47,-0.59%,285.53,183.59,+30.04%,"10:09 ET"
FE,"Firstenergy Corp",-5.52,38.27,-0.47,-1.21%,43.31,32.18,-10.03%,"10:09 ET"
FFIV,"F5 Inc",+24.92,175.66,-0.060000000000002,-0.03%,180.7,127.05,+19.53%,"10:09 ET"
FI,"Fiserv Inc",+32.05,135.41,0.0099999999999909,+0.01%,136.5,101.1,+33.63%,"10:09 ET"
FICO,"Fair Isaac and Company",+99.74,1194.25,-5.98,-0.50%,1204.27,586.6,+100.42%,"10:07 ET"
FIS,"Fidelity National Information Services",-1.93,61.79,-0.66,-1.06%,79.32,46.91,-10.45%,"10:09 ET"
FITB,"Fifth Third Bancorp",+16.01,34.41,-0.95,-2.69%,38.06,22.11,+1.27%,"10:09 ET"
FLT,"Fleetcor Technologies",+43.26,279.04,-1.22,-0.44%,285.2,185.04,+44.33%,"10:09 ET"
FMC,"FMC Corp",-54.49,59.14,-0.37,-0.62%,133.37,49.49,-54.67%,"10:08 ET"
FOX,"Fox Corp Cl B",-6.74,28.5,0.059999999999999,+0.21%,34.42,26.2,-5.12%,"10:09 ET"
FOXA,"Fox Corp Cl A",-5.89,30.81,0.14,+0.46%,37.26,28.67,-3.98%,"10:09 ET"
FRT,"Federal Realty Investment Trust",0.00,102.17,-1.08,-1.05%,115.08,85.27,-3.83%,"10:07 ET"
FSLR,"First Solar Inc",-23.51,159.03,-3.3,-2.03%,232,129.21,-6.39%,"10:09 ET"
FTNT,"Fortinet Inc",+28.37,61.51,0.14,+0.23%,81.24,44.12,+26.60%,"10:09 ET"
FTV,"Fortive Corp",+5.53,71.6,-0.22,-0.31%,79.9,62.7,+6.98%,"10:08 ET"
GD,"General Dynamics Corp",+9.20,249.98,-1.27,-0.51%,261.39,202.35,+0.62%,"10:08 ET"
GE,"General Electric Company",+58.39,128.04,-1.66,-1.28%,130.17,75.67,+66.13%,"10:09 ET"
GEHC,"Ge Healthcare Technologies Inc",+12.02,75.25,-0.92,-1.21%,87.83,61.3,+16.19%,"10:08 ET"
GEN,"Gen Digital Inc",+15.05,22.88,0.059999999999999,+0.26%,23.74,15.45,+4.37%,"10:08 ET"
GILD,"Gilead Sciences Inc",+3.51,84.48,-0.019999999999996,-0.02%,87.82,72.87,-2.99%,"10:09 ET"
GIS,"General Mills",-24.55,63.1,-0.049999999999997,-0.08%,90.89,60.33,-24.84%,"10:09 ET"
GL,"Globe Life Inc",+2.90,119.72,-0.78,-0.65%,125.02,102.23,-1.75%,"10:09 ET"
GLW,"Corning Inc",-13.08,30.4,-0.29,-0.94%,37.1,25.26,-16.20%,"10:09 ET"
GM,"General Motors Company",+2.84,35.74,-0.57,-1.57%,43.63,26.3,-4.63%,"10:09 ET"
GNRC,"Generac Holdings Inc",+6.75,121.04,-3.3,-2.65%,156.95,79.86,+9.73%,"10:09 ET"
GOOG,"Alphabet Cl C",+52.14,143.97,0.16999999999999,+0.12%,146.57,88.86,+56.93%,"10:09 ET"
GOOGL,"Alphabet Cl A",+51.54,142.48,0.19999999999999,+0.14%,145.14,88.57,+56.63%,"10:09 ET"
GPC,"Genuine Parts Company",-19.02,137.36,-0.30999999999997,-0.23%,181.37,126.35,-18.49%,"10:09 ET"
GPN,"Global Payments Inc",+29.53,132.18,-1.09,-0.82%,138.07,94.05,+26.01%,"10:09 ET"
GRMN,"Garmin Ltd",+28.59,122.63,-0.62,-0.50%,129.32,93.22,+23.38%,"10:09 ET"
GS,"Goldman Sachs Group",+9.37,375.49,-6.47,-1.69%,389.47,289.36,+3.93%,"10:09 ET"
GWW,"W.W. Grainger",+43.20,832.05,1.2199999999999,+0.15%,841,544.95,+43.03%,"10:09 ET"
HAL,"Halliburton Company",-17.84,34.05,-0.020000000000003,-0.06%,43.85,27.84,-16.66%,"10:09 ET"
HAS,"Hasbro Inc",-24.08,49.59,-1.16,-2.29%,73.57,42.66,-23.77%,"10:09 ET"
HBAN,"Huntington Bcshs",+0.51,12.51,-0.42,-3.25%,15.62,9.13,-13.01%,"10:09 ET"
HCA,"Hca Holdings Inc",+11.77,282.62,0.12,+0.04%,304.86,215.96,+12.23%,"10:09 ET"
HD,"Home Depot",+16.45,356.2,-0.60000000000002,-0.17%,359.74,274.26,+8.83%,"10:09 ET"
HES,"Hess Corp",-7.63,139.33,0.41000000000003,+0.30%,167.75,113.82,-3.88%,"10:08 ET"
HIG,"Hartford Financial Services Group",+13.80,82.4,-0.030000000000001,-0.04%,83.04,64.25,+8.25%,"10:09 ET"
HII,"Huntington Ingalls Industries",+18.30,250.76,-2.06,-0.81%,261.42,188.51,+10.72%,"10:09 ET"
HLT,"Hilton Inc",+38.42,182.32,-0.20000000000002,-0.11%,183.51,129.86,+35.87%,"10:09 ET"
HOLX,"Hologic Inc",-11.08,71.32,-0.51000000000001,-0.71%,87.88,64.02,-11.85%,"10:09 ET"
HON,"Honeywell International Inc",-2.81,200.29,-2.11,-1.04%,217.22,174.88,-5.26%,"10:09 ET"
HPE,"Hewlett Packard Enterprise Comp",+0.71,16.3,-0.13,-0.79%,18.14,13.65,-2.99%,"10:08 ET"
HPQ,"HP Inc",+8.39,30.15,-0.19,-0.63%,33.9,25.22,+5.17%,"10:09 ET"
HRL,"Hormel Foods Corp",-30.81,31.87,-0.02,-0.06%,46.95,30.12,-32.03%,"10:09 ET"
HSIC,"Henry Schein Inc",-6.47,74.25,-0.48,-0.64%,89.72,60.01,-7.73%,"10:09 ET"
HST,"Host Marriott Financial Trust",+22.86,19.58,-0.16,-0.81%,20.39,14.51,+14.22%,"10:09 ET"
HSY,"Hershey Foods Corp",-20.60,189.23,-0.41,-0.22%,276.88,178.82,-16.60%,"10:09 ET"
HUBB,"Hubbell Inc B",+35.16,321.77,-3.92,-1.20%,340.06,219.77,+37.38%,"10:09 ET"
HUM,"Humana Inc",-9.07,456.79,-2.29,-0.50%,541.21,423.29,-7.51%,"10:09 ET"
HWM,"Howmet Aerospace Inc",+38.95,55.18,-0.39,-0.70%,55.69,38.17,+37.11%,"10:09 ET"
IBM,"International Business Machines",+17.21,160.34,-0.88999999999999,-0.55%,166.34,120.55,+10.72%,"10:09 ET"
ICE,"Intercontinental Exchange",+23.42,126.69,-0.96000000000001,-0.75%,129.16,94.16,+17.41%,"10:09 ET"
IDXX,"Idexx Laboratories",+20.86,552.07,-2.17,-0.39%,568.3,372.5,+19.49%,"10:08 ET"
IEX,"Idex Corp",-9.92,207.61,-2.01,-0.96%,240.15,183.76,-11.44%,"10:08 ET"
IFF,"International Flavors & Fragrances",-21.36,79.76,-0.78,-0.97%,118.34,62.11,-30.50%,"10:09 ET"
ILMN,"Illumina Inc",-30.34,138.2,-2.43,-1.73%,238.55,89,-31.51%,"10:09 ET"
INCY,"Incyte Corp",-15.98,63.07,-1.07,-1.67%,86.29,50.27,-20.49%,"10:08 ET"
INTC,"Intel Corp",+68.48,47.04,-0.43,-0.91%,51.28,24.73,+58.93%,"10:09 ET"
INTU,"Intuit Inc",+57.71,608.9,0.19999999999993,+0.03%,631.07,378.22,+54.84%,"10:08 ET"
INVH,"Invitation Homes Inc",+7.45,33.81,-0.36,-1.05%,36.53,28.49,+8.92%,"10:09 ET"
IP,"International Paper Company",+4.80,37.37,-0.19,-0.51%,41.89,29,+0.08%,"10:09 ET"
IPG,"Interpublic Group of Companies",-10.46,31.85,-0.73,-2.24%,40.95,27.2,-10.95%,"10:09 ET"
IQV,"Iqvia Holdings Inc",-3.43,209.69,-7.44,-3.43%,241.86,167.42,-5.03%,"10:09 ET"
IR,"Ingersoll Rand Inc",+36.40,75.82,-0.47000000000001,-0.62%,78.16,51.84,+33.94%,"10:08 ET"
IRM,"Iron Mountain Inc",+27.25,65.91,-1.27,-1.89%,70.66,48.94,+28.74%,"10:08 ET"
ISRG,"Intuitive Surg Inc",+45.71,361.03,-3.42,-0.94%,366.54,222.65,+39.84%,"10:09 ET"
IT,"Gartner Inc",+38.64,441.22,-0.33999999999997,-0.08%,469.58,292.6,+30.61%,"10:06 ET"
ITW,"Illinois Tool Works Inc",+10.20,253.35,-0.63,-0.25%,265,217.06,+9.87%,"10:09 ET"
IVZ,"Invesco Plc",+2.66,17.55,-0.31,-1.74%,20.56,12.48,-9.51%,"10:09 ET"
J,"Jacobs Engineering Group Inc",+5.89,131.28,-0.66999999999999,-0.51%,141.16,109,+2.41%,"10:02 ET"
JBHT,"J B Hunt Transport",+8.12,190.86,-2.11,-1.09%,209.21,163.66,+5.87%,"10:08 ET"
JBL,"Jabil Circuit",+64.76,128.74,-0.78,-0.60%,141.38,74.16,+73.59%,"10:09 ET"
JCI,"Johnson Controls Intl",-12.45,57.49,0.050000000000004,+0.09%,70.43,47.9,-14.54%,"10:09 ET"
JKHY,"Jack Henry & Assoc",-1.84,167.08,-0.53,-0.32%,184.18,136.57,-7.73%,"10:08 ET"
JNJ,"Johnson & Johnson",-4.02,161.51,-0.36000000000001,-0.22%,175.97,144.95,-7.69%,"10:09 ET"
JNPR,"Juniper Networks",+23.94,37.53,-0.060000000000002,-0.16%,37.72,24.87,+16.79%,"10:09 ET"
JPM,"JP Morgan Chase & Company",+24.54,168.78,-2.24,-1.31%,173.38,123.11,+21.33%,"10:09 ET"
K,Kellanova,-20.32,55.6,-0.19,-0.34%,72.3,47.63,-21.67%,"10:09 ET"
KDP,"Keurig Dr Pepper Inc",-9.83,31.88,0.11,+0.35%,36.23,27.66,-11.39%,"10:09 ET"
KEY,Keycorp,+0.85,13.99,-0.47,-3.25%,20.3,8.53,-22.58%,"10:09 ET"
KEYS,"Keysight Technologies Inc",-8.82,152.14,-0.86000000000001,-0.56%,189.32,118.57,-14.62%,"10:09 ET"
KHC,"Kraft Heinz Company",-5.09,37.6,-0.29,-0.77%,42.72,30.68,-11.60%,"10:09 ET"
KIM,"Kimco Realty Corp",+2.41,20.57,-0.39,-1.86%,23.27,16.34,-1.59%,"10:09 ET"
KLAC,"K L A-Tencor Corp",+38.93,555.3,-0.79000000000008,-0.14%,597.43,355.88,+34.06%,"10:09 ET"
KMB,"Kimberly-Clark Corp",-9.48,123.31,0.040000000000006,+0.03%,147.87,116.32,-9.60%,"10:09 ET"
KMI,"Kinder Morgan",-1.38,17.84,-0.11,-0.61%,19.09,15.89,-5.03%,"10:08 ET"
KMX,"Carmax Inc",+6.34,70.82,-1.76,-2.42%,87.5,55.76,+6.44%,"10:09 ET"
KO,"Coca-Cola Company",-0.96,60,-0.2,-0.33%,64.99,51.55,-3.23%,"10:09 ET"
KR,"Kroger Company",+1.39,45.99,-0.15,-0.33%,50.36,42.1,+1.06%,"10:09 ET"
KVUE,"Kenvue Inc",-17.71,21.56,-0.21,-0.96%,27.8,17.82,N/A,"10:09 ET"
L,"Loews Corp",+22.34,70.64,-0.33,-0.46%,71.49,52.85,+18.37%,"10:09 ET"
LDOS,"Leidos Holdings Inc",+17.97,108.74,-0.97,-0.88%,111.39,76.58,+9.44%,"10:09 ET"
LEN,"Lennar Corp",+63.15,152.63,-0.72,-0.47%,156.01,94.11,+56.16%,"10:09 ET"
LH,"Laboratory Corp of America Holdings",+10.94,222.01,-3.36,-1.49%,234.09,174.2,+5.17%,"10:09 ET"
LHX,"L3Harris Technologies Inc",+5.69,201.84,-1.63,-0.80%,219.31,160.25,+0.99%,"10:09 ET"
LIN,"Linde Plc",+20.30,404.42,-1.46,-0.36%,434.21,318.88,+22.73%,"10:09 ET"
LKQ,"LKQ Corp",-20.28,46.47,-0.55,-1.17%,59.38,41.49,-18.72%,"10:08 ET"
LLY,"Eli Lilly and Company",+76.37,634.15,3.9599999999999,+0.63%,637.05,309.2,+74.53%,"10:09 ET"
LMT,"Lockheed Martin Corp",+0.72,453.4,-2,-0.44%,508.1,393.77,-2.09%,"10:09 ET"
LNT,"Alliant Energy Corp",-6.46,50.7,-1.21,-2.33%,56.26,45.15,-8.67%,"10:09 ET"
LOW,"Lowe's Companies",+5.68,219.84,-0.37,-0.17%,237.21,181.85,+5.50%,"10:09 ET"
LRCX,"Lam Research Corp",+58.12,747.42,-2.2700000000001,-0.30%,801.29,453.4,+62.59%,"10:08 ET"
LULU,"Lululemon Athletica",+56.58,480.19,-3.91,-0.81%,516.39,286.58,+54.71%,"10:09 ET"
LUV,"Southwest Airlines Company",-15.84,29.13,-0.58,-1.95%,39.53,21.91,-18.10%,"10:09 ET"
LVS,"Las Vegas Sands",-12.31,48.69,-0.6,-1.22%,65.58,43.77,-7.81%,"10:09 ET"
LW,"Lamb Weston Holdings Inc",+9.61,106.58,-0.60000000000001,-0.56%,117.38,81.25,+9.98%,"10:09 ET"
LYB,"Lyondellbasell Industries NV",-0.17,93.1,-1.23,-1.30%,102.04,81.24,+0.96%,"10:08 ET"
LYV,"Live Nation Entertainment",+19.63,89.28,-0.22,-0.25%,101.74,64.25,+21.83%,"10:09 ET"
MA,"Mastercard Inc",+16.86,427.59,-0.68000000000001,-0.16%,431.39,340.21,+13.41%,"10:09 ET"
MAA,"Mid-America Apartment Communities",-17.31,131.11,-1.47,-1.11%,176.36,115.56,-18.33%,"10:09 ET"
MAR,"Marriot Int Cl A",+43.41,227.32,0.54999999999998,+0.24%,228.29,153.56,+43.57%,"10:07 ET"
MAS,"Masco Corp",+37.86,67.52,-0.66000000000001,-0.97%,69.66,46.69,+31.61%,"10:08 ET"
MCD,"McDonald's Corp",+9.43,291.66,-2.4299999999999,-0.83%,299.35,245.73,+8.94%,"10:09 ET"
MCHP,"Microchip Technology",+12.66,84.22,-1.22,-1.43%,94.3,68.75,+12.98%,"10:09 ET"
MCK,"Mckesson Corp",+31.98,487.89,4.2,+0.87%,486.99,331.75,+27.67%,"10:09 ET"
MCO,"Moody's Corp",+22.45,373.56,-3.03,-0.80%,396.91,278.23,+21.90%,"10:08 ET"
MDLZ,"Mondelez Intl Inc",+8.45,72.93,-0.14999999999999,-0.21%,78.59,60.75,+7.86%,"10:09 ET"
MDT,"Medtronic Inc",+10.74,87.07,-0.010000000000005,-0.01%,92.02,68.84,+8.60%,"10:09 ET"
MET,"Metlife Inc",+5.72,68.85,-0.45,-0.65%,73.28,48.95,-3.47%,"10:09 ET"
META,"Meta Platforms Inc",+141.65,366.65,-3.8200000000001,-1.03%,372.94,131.76,+177.83%,"10:09 ET"
MGM,"MGM Resorts International",+7.48,42.59,-0.9,-2.07%,51.35,34.12,+11.20%,"10:09 ET"
MHK,"Mohawk Industries",-2.15,104.8,-1.54,-1.45%,130.63,76.02,-10.95%,"10:08 ET"
MKC,"Mccormick & Company",-21.56,66.16,-0.11,-0.17%,94.39,59.13,-20.92%,"10:09 ET"
MKTX,"Marketaxess Holdings",-13.65,269.39,-2.61,-0.96%,399.78,200.01,-17.82%,"10:09 ET"
MLM,"Martin Marietta Materials",+41.92,493.8,-6.14,-1.23%,500.93,317.94,+40.20%,"10:09 ET"
MMC,"Marsh & Mclennan Companies",+10.76,193.35,0.91,+0.47%,202.81,151.86,+10.76%,"10:09 ET"
MMM,"3M Company",-8.09,107.4,-0.89999999999999,-0.83%,129.9,85.35,-16.40%,"10:09 ET"
MNST,"Monster Beverage Cp",+15.20,58.41,-0.5,-0.85%,60.47,47.13,+15.39%,"10:09 ET"
MO,"Altria Group",-10.89,41.03,-0.030000000000001,-0.07%,51.57,39.06,-10.38%,"10:09 ET"
MOH,"Molina Healthcare Inc",+33.81,381.65,1.99,+0.52%,386.33,256.19,+25.61%,"10:08 ET"
MOS,"Mosaic Company",-26.77,33.59,-0.079999999999998,-0.24%,57.46,31.44,-25.56%,"10:09 ET"
MPC,"Marathon Petroleum Corp",+30.59,154.73,1.89,+1.24%,162.31,104.32,+31.90%,"10:09 ET"
MPWR,"Monolithic Power Sys",+42.73,580.99,-8.2,-1.39%,647.11,379.1,+48.05%,"10:09 ET"
MRK,"Merck & Company",+10.81,118.63,-0.23,-0.19%,119.94,96.36,+6.77%,"10:09 ET"
MRNA,"Moderna Inc",-36.14,106.75,-2.71,-2.48%,207.51,62.55,-42.74%,"10:09 ET"
MRO,"Marathon Oil Corp",-16.59,22.76,-0.09,-0.39%,32.54,20.57,-15.38%,"10:09 ET"
MS,"Morgan Stanley",+2.43,89.85,-1.63,-1.78%,100.99,69.42,+1.01%,"10:09 ET"
MSCI,"MSCI Inc",+10.37,549.23,2.5700000000001,+0.47%,573.32,451.55,+8.80%,"10:09 ET"
MSFT,"Microsoft Corp",+57.66,383.11,0.34000000000003,+0.09%,390.56,230.68,+63.95%,"10:09 ET"
MSI,"Motorola Solutions",+19.25,314.98,-0.060000000000002,-0.02%,329.83,251,+19.04%,"10:08 ET"
MTB,"M&T Bank Corp",-3.87,133.72,-3.12,-2.28%,161.99,108.53,-9.58%,"10:09 ET"
MTCH,"Match Group Inc",-11.69,37.79,-0.99,-2.55%,54.6,27.85,-15.94%,"10:09 ET"
MTD,"Mettler-Toledo International",-21.27,1171.37,-5.49,-0.47%,1615.97,928.49,-24.30%,"10:08 ET"
MU,"Micron Technology",+48.66,82.19,-0.19,-0.23%,87.87,52.76,+42.75%,"10:09 ET"
NCLH,"Norwegian Cruise Ord",+11.27,17.16,-0.43,-2.44%,22.75,12.15,+18.99%,"10:09 ET"
NDAQ,"Nasdaq Inc",-3.04,56.61,-0.28,-0.49%,63.9,46.88,-9.77%,"10:09 ET"
NDSN,"Nordson Corp",+7.65,249.26,-1.36,-0.54%,265.99,202.57,+2.87%,"10:03 ET"
NEE,"Nextera Energy",-24.08,61.29,-0.99,-1.59%,86.47,47.15,-27.04%,"10:09 ET"
NEM,"Newmont Mining Corp",-27.96,37.77,-0.18,-0.47%,60.08,33.58,-27.95%,"10:09 ET"
NFLX,"Netflix Inc",+52.06,488.72,10.39,+2.17%,503.41,285.33,+51.19%,"10:09 ET"
NI,"NiSource Inc",-1.24,26.74,-0.6,-2.19%,28.95,22.86,-3.15%,"10:09 ET"
NKE,"Nike Inc",-16.87,103.98,0.21000000000001,+0.20%,131.31,88.66,-18.27%,"10:09 ET"
NOC,"Northrop Grumman Corp",+3.24,469.76,-2.19,-0.46%,496.89,414.56,-4.77%,"10:09 ET"
NOW,"Servicenow Inc",+77.59,722.44,8.1400000000001,+1.14%,734.3,395.85,+84.25%,"10:09 ET"
NRG,"NRG Energy",+64.24,50.31,-0.63,-1.24%,52.42,30.25,+55.90%,"10:09 ET"
NSC,"Norfolk Southern Corp",-4.60,225.8,-3.05,-1.33%,260.2,183.09,-11.46%,"10:07 ET"
NTAP,"Netapp Inc",+36.49,86.05,-0.61,-0.70%,91.78,59.73,+34.85%,"10:08 ET"
NTRS,"Northern Trust Corp",-7.15,82.77,-1.38,-1.64%,100.25,62.44,-13.85%,"10:09 ET"
NUE,"Nucor Corp",+9.38,166.96,-1.9,-1.13%,182.68,129.79,+8.85%,"10:09 ET"
NVDA,"Nvidia Corp",+179.93,540.5,-3,-0.55%,552.75,154.92,+241.81%,"10:09 ET"
NVR,"NVR Inc",+46.09,7180.88,33.57,+0.47%,7248.41,4832.34,+46.47%,"10:04 ET"
NWS,"News Corp Cl B",+37.03,25.14,-0.18,-0.71%,26,15.73,+28.90%,"10:09 ET"
NWSA,"News Corp Cl A",+32.54,24.02,-0.17,-0.70%,24.81,15.57,+25.17%,"10:09 ET"
NXPI,"Nxp Semiconductors",+21.10,207.58,-3.71,-1.76%,238.27,155.31,+24.64%,"10:09 ET"
O,"Realty Income Corp",-6.41,58.52,-0.59,-1.00%,68.85,45.03,-10.73%,"10:09 ET"
ODFL,"Old Dominion Freight Line Inc",+18.02,386.02,-5,-1.28%,438.05,295.8,+23.38%,"10:06 ET"
OKE,"Oneok Inc",+4.78,70.17,-0.69,-0.97%,72.51,55.91,+0.47%,"10:09 ET"
OMC,"Omnicom Group Inc",+6.72,87.54,-0.69,-0.78%,99.23,72.2,+3.98%,"10:09 ET"
ON,"On Semiconductor",+1.32,73.59,-2.02,-2.67%,111.35,61.47,+16.08%,"10:09 ET"
ORCL,"Oracle Corp",+9.54,103.75,-0.17,-0.16%,127.54,82.04,+17.39%,"10:09 ET"
ORLY,"O'Reilly Automotive",+12.23,942.44,5.8900000000001,+0.63%,1005.96,767.27,+13.81%,"10:09 ET"
OTIS,"Otis Worldwide Corp",+4.84,86.43,-0.56999999999999,-0.66%,91.33,73.32,+5.76%,"10:09 ET"
OXY,"Occidental Petroleum Corp",-12.87,57.24,0.44,+0.77%,67.93,55.12,-10.64%,"10:09 ET"
PANW,"Palo Alto Networks Inc",+122.25,317.45,1.36,+0.43%,325.37,132.22,+133.10%,"10:09 ET"
PARA,"Paramount Global Cl B",-31.91,13.51,-0.61,-4.32%,25.93,10.51,-32.42%,"10:09 ET"
PAYC,"Paycom Software Inc",-20.99,197.72,-4.28,-2.12%,374.04,146.15,-34.11%,"10:08 ET"
PAYX,"Paychex Inc",+0.67,118.61,-0.28,-0.24%,129.7,104.09,-0.87%,"10:09 ET"
PCAR,"Paccar Inc",+38.37,94.02,-0.58,-0.61%,98.47,64.78,+40.52%,"10:09 ET"
PCG,"Pacific Gas & Electric Company",+13.72,17.87,-0.29,-1.60%,18.32,14.71,+14.12%,"10:09 ET"
PEAK,"Healthpeak Properties Inc",-18.88,19.94,-0.029999999999998,-0.15%,28.43,15.24,-25.96%,"10:09 ET"
PEG,"Public Service Enterprise Group Inc",-1.87,60.79,-1.22,-1.97%,65.46,53.71,-4.25%,"10:09 ET"
PEP,"Pepsico Inc",-7.46,165.99,-0.92999999999998,-0.56%,196.88,155.83,-6.78%,"10:09 ET"
PFE,"Pfizer Inc",-39.38,28.41,-0.58,-2.00%,48.16,25.76,-39.83%,"10:09 ET"
PFG,"Principal Financial Group Inc",-6.18,77.96,-1.04,-1.32%,93.87,65.17,-12.11%,"10:08 ET"
PG,"Procter & Gamble Company",+0.06,149.98,0.039999999999992,+0.03%,158.38,135.83,-0.49%,"10:09 ET"
PGR,"Progressive Corp",+28.67,165.64,0.13,+0.08%,168.22,111.41,+24.82%,"10:09 ET"
PH,"Parker-Hannifin Corp",+48.00,459.64,-1.14,-0.25%,464,297.12,+48.39%,"10:08 ET"
PHM,Pultegroup,+109.98,104.64,-0.56999999999999,-0.54%,106.11,49.12,+111.56%,"10:09 ET"
PKG,"Packaging Corp of America",+26.71,165.74,-0.20999999999998,-0.13%,171.61,122.2,+24.85%,"10:09 ET"
PLD,"Prologis Inc",+12.98,131.66,-1.89,-1.42%,137.52,96.64,+9.59%,"10:09 ET"
PM,"Philip Morris International Inc",-5.88,94.14,-0.33,-0.35%,105.62,87.23,-7.72%,"10:09 ET"
PNC,"PNC Bank",+4.89,150.15,-5.03,-3.24%,169.07,109.4,-8.65%,"10:09 ET"
PNR,"Pentair Ltd",+40.16,70.59,-0.14999999999999,-0.21%,73.26,47.9,+44.20%,"10:08 ET"
PNW,"Pinnacle West Capital Corp",-6.40,72.19,-1.34,-1.82%,86.03,68.55,-5.17%,"10:09 ET"
PODD,"Insulet Corp",-31.81,203.01,-2.06,-1.00%,335.91,125.82,-32.78%,"10:07 ET"
POOL,"Pool Corp",+12.94,381.91,-7.94,-2.04%,423.97,307.77,+12.19%,"10:07 ET"
PPG,"PPG Industries",+12.73,146.42,-0.87,-0.59%,152.89,120.32,+11.16%,"10:09 ET"
PPL,"PPL Corp",-5.06,27.21,-0.4,-1.45%,31.01,22.2,-11.01%,"10:09 ET"
PRU,"Prudential Financial Inc",+9.49,102.81,-0.91,-0.88%,107.31,75.37,+3.14%,"10:09 ET"
PSA,"Public Storage",+2.97,289.61,-5.61,-1.90%,316.48,233.18,-0.50%,"10:08 ET"
PSX,"Phillips 66",+32.14,129.35,-0.060000000000002,-0.05%,138.06,89.74,+28.38%,"10:09 ET"
PTC,"Ptc Inc",+36.67,169.94,0.84,+0.50%,176.25,115.44,+33.88%,"10:09 ET"
PWR,"Quanta Services",+32.79,201.53,-2.11,-1.04%,219.17,141.2,+43.96%,"10:06 ET"
PXD,"Pioneer Natural Resources Company",-5.13,221.39,0.36999999999998,+0.17%,257.76,177.26,-4.22%,"10:09 ET"
PYPL,"Paypal Holdings",-19.52,60.34,-0.62,-1.02%,88.63,50.25,-22.17%,"10:09 ET"
QCOM,"Qualcomm Inc",+21.61,137.2,-2.11,-1.51%,146.89,101.47,+17.26%,"10:09 ET"
QRVO,"Qorvo Inc",+4.91,102.22,-2.27,-2.17%,114.97,80.62,+4.51%,"10:09 ET"
RCL,"Royal Caribbean Cruises Ltd",+95.91,121.71,-1.89,-1.53%,130.97,59.37,+107.91%,"10:09 ET"
REG,"Regency Centers Corp",+0.30,63.87,-0.59,-0.92%,68.56,54.72,-0.34%,"10:07 ET"
REGN,"Regeneron Pharmaceuticals",+27.70,910.36,4.2,+0.46%,924.89,684.8,+27.29%,"10:09 ET"
RF,"Regions Financial Corp",-10.96,18.43,-0.49,-2.59%,24.33,13.72,-15.68%,"10:09 ET"
RHI,"Robert Half Inc",+6.76,80.61,-0.19,-0.24%,89.78,64.65,+6.13%,"10:08 ET"
RJF,"Raymond James Financial",+2.51,109.98,-0.95999999999999,-0.87%,120.73,82,-1.33%,"10:08 ET"
RL,"Ralph Lauren Corp",+27.50,141.48,-2.28,-1.59%,148.04,103.17,+22.95%,"10:09 ET"
RMD,"Resmed Inc",-15.59,176.47,-0.81999999999999,-0.46%,243.52,132.24,-17.36%,"10:09 ET"
ROK,"Rockwell Automation Inc",+5.76,300.55,-1.52,-0.50%,348.52,252.19,+7.27%,"10:09 ET"
ROL,"Rollins Inc",+18.12,43.66,0.37,+0.85%,45.04,32.19,+15.31%,"10:09 ET"
ROP,"Roper Industries",+19.24,532.32,2.0200000000001,+0.38%,551.91,416.77,+17.09%,"10:09 ET"
ROST,"Ross Stores Inc",+21.32,135.41,-0.55000000000001,-0.40%,139.32,99,+13.41%,"10:09 ET"
RSG,"Republic Services",+29.99,163.69,-0.61000000000001,-0.37%,167.17,120.58,+28.85%,"10:09 ET"
RTX,"Rtx Corp",-10.55,85.42,-0.66,-0.77%,108.84,68.56,-13.74%,"10:09 ET"
RVTY,"Revvity Inc",-12.61,111.19,-0.49000000000001,-0.44%,145.35,79.5,-17.49%,"10:09 ET"
SBAC,"SBA Communications",-14.64,238.9,-3.97,-1.63%,312.34,185.23,-21.69%,"10:09 ET"
SBUX,"Starbucks Corp",-13.55,92.45,-1.05,-1.12%,115.48,89.21,-12.42%,"10:09 ET"
SCHW,"The Charles Schwab Corp",-5.31,64.9,-0.91999999999999,-1.40%,84.51,45,-21.55%,"10:09 ET"
SHW,"Sherwin-Williams Company",+27.12,297.7,-0.69999999999999,-0.23%,314.14,205.43,+22.26%,"10:09 ET"
SJM,"J.M. Smucker Company",-15.51,128.5,-1,-0.77%,159.92,107.33,-18.64%,"10:09 ET"
SLB,"Schlumberger N.V.",-16.79,48.46,0.009999999999998,+0.02%,62.78,42.73,-13.61%,"10:09 ET"
SNA,"Snap-On Inc",+14.36,282.07,-0.42000000000002,-0.15%,297.26,226.68,+14.29%,"10:08 ET"
SNPS,"Synopsys Inc",+44.31,498.74,-6.44,-1.27%,573.77,327.56,+49.91%,"10:09 ET"
SO,"Southern Company",+3.54,71.29,-0.53999999999999,-0.75%,75.8,58.85,+0.11%,"10:09 ET"
SPG,"Simon Property Group",+26.60,143.22,-1.46,-1.01%,146.91,100.17,+18.78%,"10:07 ET"
SPGI,"S&P Global Inc",+22.13,432.02,-1.11,-0.26%,443.72,321.14,+18.87%,"10:09 ET"
SRE,Sempra,-1.81,75.3,-0.83,-1.09%,81.82,63.75,-6.45%,"10:09 ET"
STE,"Steris Corp",+12.04,223.04,-0.95000000000002,-0.42%,254,173.21,+11.29%,"10:08 ET"
STLD,"Steel Dynamics Inc",+3.16,111.17,-1.67,-1.48%,136.46,90.55,+1.99%,"10:09 ET"
STT,"State Street Corp",-2.52,75.73,-0.86999999999999,-1.14%,94.74,62.78,-7.47%,"10:09 ET"
STX,"Seagate Technology Hldgs Plc",+44.06,79.99,-2.67,-3.23%,87.93,54.32,+41.35%,"10:09 ET"
STZ,"Constellation Brands Inc",+14.54,255.91,1.14,+0.45%,273.65,210.15,+15.24%,"10:05 ET"
SWK,"Stanley Black & Decker Inc",+15.72,97.35,-0.82000000000001,-0.84%,104.21,73.12,+14.25%,"10:09 ET"
SWKS,"Skyworks Solutions",+0.86,102.78,-1.55,-1.49%,123.69,85.06,+3.39%,"10:09 ET"
SYF,"Synchrony Financial",+19.94,37.39,-0.55,-1.45%,39.34,26.59,+11.20%,"10:09 ET"
SYK,"Stryker Corp",+19.48,307.33,-0.44999999999999,-0.15%,309.08,248.8,+19.06%,"10:09 ET"
SYY,"Sysco Corp",-2.07,75.3,0.27,+0.36%,82.38,62.24,-6.90%,"10:09 ET"
T,"AT&T Inc",-8.64,16.63,-0.24,-1.42%,20.5,13.43,-13.91%,"10:09 ET"
TAP,"Molson Coors Brewing Company",+21.41,63.35,-0.21,-0.33%,70.9,48.49,+24.97%,"10:08 ET"
TDG,"Transdigm Group Inc",+48.40,1004.65,-10.35,-1.02%,1018.5,659.59,+50.63%,"10:07 ET"
TDY,"Teledyne Technologies Inc",+9.40,440.18,-0.64999999999998,-0.15%,448.71,364.98,+7.72%,"10:05 ET"
TECH,"Bio-Techne Cp",-8.36,72.51,-0.64,-0.87%,89.91,51.79,-15.75%,"10:08 ET"
TEL,"Te Connectivity Ltd",+6.34,131.94,-1.23,-0.92%,146.6,115,+7.22%,"10:08 ET"
TER,"Teradyne Inc",+7.69,103.19,-1.69,-1.61%,119.2,81.07,+8.68%,"10:09 ET"
TFC,"Truist Financial Corp",-7.18,36.51,-1.22,-3.23%,53.34,25.56,-20.23%,"10:09 ET"
TFX,"Teleflex Inc",+7.48,247.05,-1.45,-0.58%,276.43,177.63,+3.81%,"10:08 ET"
TGT,"Target Corp",-6.25,141.88,-2.21,-1.53%,181.7,102.93,-10.03%,"10:09 ET"
TJX,"TJX Companies",+18.61,94.11,-0.030000000000001,-0.03%,94.46,72.92,+14.50%,"10:09 ET"
TMO,"Thermo Fisher Scientific Inc",-1.88,546.89,2.96,+0.54%,609.85,415.6,-6.28%,"10:09 ET"
TMUS,"T-Mobile US",+15.45,162.34,-0.94999999999999,-0.58%,164.5,124.92,+9.23%,"10:09 ET"
TPR,"Tapestry Inc",-8.53,37.03,-0.46,-1.23%,47.48,25.99,-11.82%,"10:09 ET"
TRGP,"Targa Resources",+10.45,83.3,-0.51000000000001,-0.61%,91.43,64.85,+11.80%,"10:09 ET"
TRMB,"Trimble Navigation",-3.78,50.89,-0.060000000000002,-0.12%,62.01,39.57,-4.24%,"10:09 ET"
TROW,"T Rowe Price Group",-2.25,109.9,2.51,+2.34%,132.76,87.43,-7.51%,"10:09 ET"
TRV,"The Travelers Companies Inc",+6.67,192.74,-0.34999999999999,-0.18%,194.51,157.33,+0.30%,"10:09 ET"
TSCO,"Tractor Supply Company",+1.06,220.59,0.56,+0.25%,251.17,185,-0.46%,"10:09 ET"
TSLA,"Tesla Inc",+46.38,226.66,-7.28,-3.11%,299.29,115.6,+85.93%,"10:09 ET"
TSN,"Tyson Foods",-10.50,54.18,-0.32,-0.59%,74.07,44.94,-17.70%,"10:09 ET"
TT,"Trane Technologies Plc",+40.24,243.35,-2.53,-1.03%,247.12,162.04,+35.35%,"10:08 ET"
TTWO,"Take-Two Interactive",+47.27,159.13,-0.080000000000013,-0.05%,164.85,101.53,+51.09%,"10:09 ET"
TXN,"Texas Instruments",-4.14,165.97,-1.28,-0.77%,188.12,139.48,-6.33%,"10:09 ET"
TXT,"Textron Inc",+12.24,77.43,-0.75999999999999,-0.97%,81.59,61.27,+9.96%,"10:09 ET"
TYL,"Tyler Technologies",+29.59,420.01,1.61,+0.38%,426.83,301.69,+32.11%,"10:08 ET"
UAL,"United Airlines Holdings Inc",-12.15,43.58,-0.68,-1.54%,58.23,33.68,-7.69%,"10:09 ET"
UBER,"Uber Technologies Inc",+115.32,62.71,0.3,+0.48%,63.53,28.2,+122.08%,"10:09 ET"
UDR,"United Dominion Realty Trust",-4.53,38.11,-0.11,-0.29%,45.46,30.95,-5.35%,"10:08 ET"
UHS,"Universal Health Services",+14.38,156.26,-0.60000000000002,-0.38%,158.57,113.69,+8.20%,"10:09 ET"
ULTA,"Ulta Beauty Inc",+1.92,478.28,-2.6300000000001,-0.55%,556.6,368.02,-2.82%,"10:09 ET"
UNH,"Unitedhealth Group Inc",+11.33,537.4,-0.24000000000001,-0.04%,554.7,445.68,+8.67%,"10:09 ET"
UNP,"Union Pacific Corp",+16.42,236.71,-2.29,-0.96%,246.99,183.69,+10.83%,"10:08 ET"
UPS,"United Parcel Service",-11.09,159.99,-1.23,-0.76%,197.8,133.68,-11.78%,"10:09 ET"
URI,"United Rentals",+46.37,538.91,-10.77,-1.96%,585.5,325.15,+42.44%,"10:09 ET"
USB,"U.S. Bancorp",+2.90,42.15,-1.25,-2.88%,49.95,27.27,-9.61%,"10:09 ET"
V,"Visa Inc",+20.79,263.3,-1.26,-0.48%,266.05,208.76,+18.90%,"10:09 ET"
VFC,"V.F. Corp",-40.87,16.63,-0.67,-3.87%,32.13,12.85,-43.97%,"10:09 ET"
VICI,"Vici Properties Inc",-3.95,31.09,-0.42,-1.33%,35.07,26.63,-7.04%,"10:09 ET"
VLO,"Valero Energy Corp",-4.88,125.96,1.19,+0.95%,152.2,104.18,-5.26%,"10:09 ET"
VLTO,"Veralto Corporation",N/A,75.36,-1.07,-1.40%,89,65.51,N/A,"10:09 ET"
VMC,"Vulcan Materials Company",+24.16,224.9,-1.21,-0.54%,229.75,159.76,+23.69%,"10:09 ET"
VRSK,"Verisk Analytics Inc",+23.26,234.88,0.91999999999999,+0.39%,249.26,169.74,+25.70%,"10:09 ET"
VRSN,"Verisign Inc",-5.57,202.7,-0.72,-0.35%,229.72,188.44,-3.87%,"10:08 ET"
VRTX,"Vertex Pharmaceutic",+45.51,425.28,1.52,+0.36%,425.44,283.6,+45.45%,"10:09 ET"
VTR,"Ventas Inc",+4.42,48.38,-0.27,-0.55%,53.15,39.33,-0.65%,"10:09 ET"
VTRS,"Viatris Inc",+17.08,12.01,-0.09,-0.74%,12.49,8.74,+2.80%,"10:09 ET"
VZ,"Verizon Communications Inc",-0.05,38.58,-0.5,-1.28%,42,30.14,-5.70%,"10:09 ET"
WAB,"Wabtec Corp",+29.66,127.57,1.33,+1.05%,128.25,91.89,+25.75%,"10:08 ET"
WAT,"Waters Corp",-2.89,305.77,-1.83,-0.59%,346.98,231.9,-10.96%,"10:08 ET"
WBA,"Walgreens Boots Alliance",-30.21,24.22,-0.46,-1.86%,37.96,19.68,-33.88%,"10:09 ET"
WBD,"Discovery Inc Series A",-24.63,10.56,-0.41,-3.74%,16.34,9.27,-15.60%,"10:09 ET"
WDC,"Western Digital Cp",+41.29,50.15,-0.36,-0.71%,53.21,31.97,+31.94%,"10:09 ET"
WEC,"Wisconsin Energy Corp",-10.88,83.68,-1.91,-2.23%,99.26,75.47,-14.29%,"10:09 ET"
WELL,"Welltower Inc",+27.76,90.33,-0.40000000000001,-0.44%,93.42,65.18,+26.16%,"10:09 ET"
WFC,"Wells Fargo & Company",+16.95,48.42,-0.66,-1.34%,50.77,35.25,+13.94%,"10:09 ET"
WHR,"Whirlpool Corp",-20.90,118.41,-2.23,-1.85%,160.74,98.4,-22.58%,"10:08 ET"
WM,"Waste Management",+17.64,178.57,-0.61000000000001,-0.34%,181.48,148.31,+13.78%,"10:09 ET"
WMB,"Williams Companies",+8.03,34.88,-0.34999999999999,-0.99%,37.45,27.8,+7.28%,"10:09 ET"
WMT,"Walmart Inc",+11.09,161.05,-0.23999999999998,-0.15%,169.94,136.09,+10.57%,"10:09 ET"
WRB,"W.R. Berkley Corp",+7.04,72.18,0.18000000000001,+0.25%,75.53,55.5,-1.23%,"10:09 ET"
WRK,"Westrock Company",+23.67,41.3,-0.56,-1.34%,43.58,26.84,+12.55%,"10:09 ET"
WST,"West Pharmaceutical Services",+28.58,355.25,-1.91,-0.53%,415.73,241.99,+42.01%,"10:09 ET"
WTW,"Willis Towers Watson Public Ltd",+3.09,246.46,1.02,+0.42%,258.93,195.29,-4.19%,"10:09 ET"
WY,"Weyerhaeuser Company",+8.89,33.55,-0.28,-0.83%,36,27.65,+5.54%,"10:09 ET"
WYNN,"Wynn Resorts Ltd",-9.31,91.89,-1.74,-1.86%,117.86,81.65,-3.74%,"10:09 ET"
XEL,"XCEL Energy Inc",-9.85,61.63,-1.09,-1.74%,72.92,53.73,-14.94%,"10:09 ET"
XOM,"Exxon Mobil Corp",-14.24,98.66,-0.030000000000001,-0.03%,120.7,97.48,-11.29%,"10:09 ET"
XRAY,"Dentsply Sirona Inc",+2.85,36.63,-0.76,-2.03%,43.24,26.27,+5.47%,"10:09 ET"
XYL,"Xylem Inc",+2.66,111.56,-0.67999999999999,-0.61%,118.58,87.59,-2.69%,"10:09 ET"
YUM,"Yum! Brands",-2.06,127.79,-1.41,-1.09%,143.24,115.53,-1.28%,"10:09 ET"
ZBH,"Zimmer Biomet Holdings",+0.76,123.91,0.67999999999999,+0.55%,149.25,102,-0.14%,"10:09 ET"
ZBRA,"Zebra Technologies",-12.14,250.46,-4.81,-1.88%,351.74,194.59,-15.29%,"10:08 ET"
ZION,"Zions Bancorp",+7.93,42.46,-1.47,-3.35%,55.19,18.26,-16.35%,"10:09 ET"
ZTS,"Zoetis Inc Cl A",+24.66,196.82,-1.95,-0.98%,201.92,151.03,+25.02%,"10:09 ET"
"Downloaded from Barchart.com as of 01-11-2024 09:09am CST"
